experience,test_score,interview_score,salary
5,5,6,76091.5592823232
2,7,5,52655.94364634072
7,9,9,75371.69369258276
1,6,9,77084.31469264443
3,6,8,76563.10500030828
10,10,10,82579.58258832232
4,9,7,57394.984277699
11,9,8,79688.85258030702
