experience,test_score,interview_score,salary
5,5.0,6,56599.497722107495
2,7.0,5,31709.525637965577
7,9.0,9,81120.17725013231
0,6.0,9,25957.628086051413
3,6.0,8,46586.91794398148
10,10.0,10,107167.067589585
0,7.0,7,21311.306441402645
11,9.0,8,109464.55723788668
